Name,Description,BestTime,ImageURL,Type
Ajanta Caves,Ancient rock-cut caves with Buddhist art and architecture.,October to March,https://imgs.search.brave.com/QXUrtEd_W8wLlFKUWmu7Ic6EuiZK-GGaLZMLnvbhxNo/rs:fit:860:0:0:0/g:ce/aHR0cHM6Ly9pY2hl/Zi5iYmNpLmNvLnVr/L2ltYWdlcy9pYy80/ODB4bi9wMDJrbXd2/cS5qcGcud2VicA,Cultural
Agra Fort,Historical fort with Mughal architecture near the Taj Mahal.,October to March,https://encrypted-tbn0.gstatic.com/images?q=tbn:ANd9GcSRBIkTCVv4aTlJzo5LOowjQmQonpcM9rFt0g&s,Cultural
Alibaug Beach,Popular beach near Mumbai known for its tranquility.,October to March,https://imgs.search.brave.com/13zwh39vNt7bhjq9IS8_mcL8ktnIORVoe3tznN35dUA/rs:fit:860:0:0:0/g:ce/aHR0cHM6Ly9tZWRp/YTEudGhyaWxsb3Bo/aWxpYS5jb20vZmls/ZXN0b3JlL2g2Ymkw/Y2M4NjNyNHlzOWxt/MXRhN2owdWI5aTFf/MTU3NjIxODQ0OF8z/NTY1LmpwZw,Beach
Andaman Islands,"Islands known for pristine beaches, diving, and marine life.",October to May,https://www.exploreandaman.co.in/uploads/posts/1678085629.jpg,Beach
Araku Valley,"Scenic valley with waterfalls, coffee plantations, and tribal culture.",October to March,https://tripsaround.in/wp-content/uploads/2014/08/Araku_Valley.jpg,Mountains
Backwaters of Kerala,"Serene canals, lakes, and lagoons perfect for houseboat cruises.",November to February,https://www.thehosteller.com/_next/image/?url=https%3A%2F%2Fstatic.thehosteller.com%2Fhostel%2Fimages%2Fkerala.jpg%2Fkerala-1724266265021.jpg&w=2048&q=75,Lake
Bandhavgarh National Park,Renowned for tiger sightings and rich biodiversity.,October to januvary,https://encrypted-tbn0.gstatic.com/images?q=tbn:ANd9GcRaMpb20RvosBmtO34Gd2uN8iO1MjJ9Y9u6fg&s,National Park
Bhigwan Bird Sanctuary,Bird-watching paradise known for its flamingo population.,October to March,https://imgs.search.brave.com/eeZsBkWKmX7Rbh5L5ngkWVOKOyaUsoiD-TkaNhKwkfA/rs:fit:860:0:0:0/g:ce/aHR0cHM6Ly9jZG4y/LndhbGt0aHJvdWdo/aW5kaWEuY29tL3dw/LWNvbnRlbnQvdXBs/b2Fkcy8yMDE3LzA2/L0ZsYW1pbmdvcy1p/bi1CaGlnd2FuLmpw/Zw,National Park
Bhimashankar Temple,Jyotirlinga shrine dedicated to Lord Shiva.,October to March,https://imgs.search.brave.com/MOrULE687ANRwWVP22mutZkeCWIpW6Ac8et58vh6opo/rs:fit:860:0:0:0/g:ce/aHR0cHM6Ly9zaGl2/c2hhbmthcnRpcnRo/eWF0cmEuY29tL2Js/b2cvd3AtY29udGVu/dC91cGxvYWRzLzIw/MjMvMDgvQmhpbWFz/aGFua2FyLUp5b3Rp/cmxpbmdhLVRlbXBs/ZS5qcGc,Religious Place
Binsar,Wildlife sanctuary with panoramic views of Himalayan peaks.,October to March,https://www.savaari.com/blog/wp-content/uploads/2024/09/Binsar-Wildlife-Sanctuary-Route.webp,National Park
Chail,Quiet hill station with views of Himalayan ranges.,March to June,https://c.myholidays.com/blog/2023/4/271413_Top%20Places%20to%20Visit%20in%20Chail.webp,Mountains
Chandoli National Park,Wildlife sanctuary with rich flora and fauna.,October to March,https://imgs.search.brave.com/1B8JnzI_X2SyO7Gx4XDZ9EMcPzcI85iZtu-akEwNtuk/rs:fit:860:0:0:0/g:ce/aHR0cHM6Ly9tYWhh/cmFzaHRyYXRvdXJp/c20uZ292LmluL3dw/LWNvbnRlbnQvdXBs/b2Fkcy8yMDIzLzEw/L1NhbmpheS1HYW5k/aGktTmF0aW9uYWwt/UGFyay5qcGc,National Park
Chitrakote Falls,"The ""Niagara of India"" with scenic waterfalls.",July to October,https://cdn.abhibus.com/2024/09/chitrakoot-waterfall.jpg,Waterfall
Coorg,"Hill station with coffee plantations, waterfalls, and greenery.",October to March,https://images.travelandleisureasia.com/wp-content/uploads/sites/2/2024/05/27174633/Coorg-Itinerary-1600x900.jpg,Mountains
Dal Lake,Scenic lake in Srinagar known for houseboats and Shikara rides.,April to October,https://encrypted-tbn0.gstatic.com/images?q=tbn:ANd9GcSOkgOTSWI_GPS2Gi-2Bz-1I6S5XAs1xq8lMQ&s,Lake
Elephanta Caves,Historical caves with impressive rock-cut sculptures.,October to March,https://imgs.search.brave.com/XJYroSoMmhPH2ZLbAn2BIL7slcIvh7cy4DTApYVB3bw/rs:fit:860:0:0:0/g:ce/aHR0cHM6Ly9tZWRp/YTEudGhyaWxsb3Bo/aWxpYS5jb20vZmls/ZXN0b3JlL3FqNjJu/aDY4ZmF0aXZrMzBq/bnkzaTZvc3J6Z3df/MTUyNDIyOTM0OF9F/bGVwaGFudGFfY2F2/ZXMuanBnP3c9MTQ0/MCZkcHI9Mg,Cultural
Ellora Caves,"UNESCO World Heritage site with Hindu, Buddhist, and Jain caves.",October to March,https://imgs.search.brave.com/sWTtQqQAeceo-eIdYbBXrlFdbNTL7j9ZgOoyUzGhc4E/rs:fit:860:0:0:0/g:ce/aHR0cHM6Ly9scC1j/bXMtcHJvZHVjdGlv/bi5pbWdpeC5uZXQv/MjAxOS0wNi9HZXR0/eUltYWdlcy00NzA1/ODYzNjBfc3VwZXIu/anBnP2ZpdD1jcm9w/JmFyPTE6MSZ3PTEy/MDAmYXV0bz1mb3Jt/YXQmcT03NQ,Cultural
Fatehpur Sikri,Historic city with grand Mughal architecture.,October to March,https://agrasmartcity.in/wp-content/uploads/2024/02/fatepur-sikri2.jpg,Cultural
Ganpatipule Beach,Serene beach with a famous Ganesh temple.,October to March,https://imgs.search.brave.com/P-AnhbYmnh2ZtynK-KZOvK0jxHgbJKlqfBXnlLZ5JU8/rs:fit:860:0:0:0/g:ce/aHR0cHM6Ly93d3cu/Y2x1Ym1haGluZHJh/LmNvbS9ibG9nL21l/ZGlhL3NlY3Rpb25f/aW1hZ2VzL3NodXR0/ZXJzdG8tNjVlYjE5/NTU4MGUzYTkyLmpw/Zw,Beach
Golden Temple,Sacred Sikh temple in Amritsar with golden domes.,October to March,https://encrypted-tbn0.gstatic.com/images?q=tbn:ANd9GcQn-_2-1jNaOOiZORWRqTb9vtDCHBMUPtw4zA&s,Religious Place
Gulmarg,Skiing destination with snow-covered landscapes in winter.,December to March,https://encrypted-tbn0.gstatic.com/images?q=tbn:ANd9GcTWTaXRqjxmd-tkHBukyd4H71msXeJCtmPSOw&s,Mountains
Gwalior Fort,Grand hill fort known for its architecture and history.,October to March,https://i.pinimg.com/736x/50/ed/89/50ed89091c4ee767fc9cb6788f88e9b9.jpg,Cultural
Haji Ali Dargah,Famous mosque and dargah located on an islet off the coast of Worli.,October to March,https://encrypted-tbn0.gstatic.com/images?q=tbn:ANd9GcS4Y5mQzVq-CfvLx_BS3_08Ihng-fDrCAc2hA&s,Religious Place
Hampi,Ancient village with stunning ruins of the Vijayanagar Empire.,October to March,https://www.google.com/search?q=hampi&sca_esv=a1c2417e3bcb69eb&udm=2&sxsrf=ADLYWILLzQVfD93Gpch9eso9lm06utYK9Q%3A1731669944798&ei=uC83Z4S0MNHH0-kPtav8-AE&oq=ham&gs_lp=EgNpbWciA2hhbSoCCAAyBBAjGCcyCBAAGIAEGLEDMggQABiABBixAzIFEAAYgAQyBRAAGIAEMggQABiABBixAzIIEAAYgAQYsQMyCBAAGIAEGLEDMgUQABiABDIFEAAYgARIxSBQoAhY5hVwAngAkAEEmAHXAaABzQmqAQUwLjcuMbgBAcgBAPgBAZgCBqACjAWoAgrCAgYQABgHGB7CAgsQABiABBixAxiDAcICChAAGIAEGEMYigXCAgcQIxgnGOoCwgINEAAYgAQYsQMYQxiKBcICDhAAGIAEGLEDGIMBGIoFmAMGiAYBkgcFMi4zLjGgB5s0&sclient=img#vhid=p6koSWfdFFD9bM&vssid=mosaic,Cultural
Jaipur City Palace,Historical palace showcasing Rajput and Mughal architecture.,October to March,https://encrypted-tbn0.gstatic.com/images?q=tbn:ANd9GcSGW_QoKfQhP6Liz9oUxb0O3weVPke0sYI5sQ&s,Cultural
Jaisalmer Fort,"Iconic fort made of yellow sandstone, called the ""Golden Fort.""",October to March,https://media1.thrillophilia.com/filestore/qqjh4irrvv3akpjsgrtux77r6cyy_1574775031_shutterstock_178321397.jpg?w=400&dpr=2,Cultural
Kalimpong,Hill station known for flower nurseries and views of Kanchenjunga.,March to May,"https://static.toiimg.com/photo/msid-80268647,width-96,height-65.cms",Mountains
Kanchipuram,Historic city known for temples and silk sarees.,October to March,"https://static.toiimg.com/photo/msid-80268647,width-96,height-65.cms",Cultural
Kashid Beach,Quiet beach with white sands and clear waters near Alibaug.,October to March,https://imgs.search.brave.com/sV-sXQQi-JpPixBynuNQPSOsiSa3aFv1GoEEkLqJdGg/rs:fit:860:0:0:0/g:ce/aHR0cHM6Ly9tZWRp/YTEudGhyaWxsb3Bo/aWxpYS5jb20vZmls/ZXN0b3JlLzM4MzZv/MWY2bzdtM3pqODBi/Mjl4ZDh2cTFncGNf/QWxpYmF1Z19iZWFj/aF9zdW5fc2V0X3Nj/ZW5lLmpwZw,Beach
Kaziranga National Park,Known for one-horned rhinoceros and diverse wildlife.,November to April,https://encrypted-tbn0.gstatic.com/images?q=tbn:ANd9GcSVx1TF_TAyX1cc5dma3UEIEpoeVRiHkUSy6Q&s,National Park
Khajuraho Temples,Group of ancient temples with intricate sculptures.,October to March,https://static.toiimg.com/thumb/64665528/Khajuraho-Temples.jpg?width=1200&height=900,Cultural
Kudremukh,Scenic mountain range known for trekking and biodiversity.,October to March,"https://media.insider.in/image/upload/c_crop,g_custom/v1728026721/gqdizjgpfcsjjqdnindp.png",Mountains
Lakshadweep Islands,"Tropical islands with coral reefs, beaches, and scuba diving spots.",October to May,https://poonawallafincorp.com/pfca/assets/blog_banner/blog_banner-desktop-best-season-to-visit-lakshadweep.jpg,Beach
Lakshmi Narayan Temple,Famous Hindu temple in Delhi known for its architecture.,October to March,https://www.exoticmiles.com/wp-content/uploads/2020/06/Laxmi-Narayan-Temple.jpg,Religious Place
Leh-Ladakh,Region known for high-altitude mountains and monasteries.,May to September,https://encrypted-tbn0.gstatic.com/images?q=tbn:ANd9GcSDhnpLAs5XwSDM6m41QIukAQV3zoHD5Tr-vg&s,Mountains
Lonavala,Popular hill station known for its scenic valleys and lakes.,October to March,https://imgs.search.brave.com/QMyqufs0-jh6yUtNO5oKt4ehkmyw1g2q2UsVBPx8TWg/rs:fit:860:0:0:0/g:ce/aHR0cHM6Ly9zdGF0/aWMudG9paW1nLmNv/bS9waG90by9tc2lk/LTQxNjkzMTQwLHdp/ZHRoLTk2LGhlaWdo/dC02NS5jbXM,Mountains
Mahabaleshwar,Scenic hill station known for its waterfalls and viewpoints.,October to March,https://imgs.search.brave.com/dgcANfTCCavzsYyZfoDfqg5Gm2PxVViEHU6D4OL-o4s/rs:fit:860:0:0:0/g:ce/aHR0cHM6Ly93d3cu/Y2x1Ym1haGluZHJh/LmNvbS9ibG9nL21l/ZGlhL3NlY3Rpb25f/aW1hZ2VzL3NodXR0/ZXJzdG8tODNlYzJj/OTFlN2EzNjg2Lmpw/Zw,Mountains
Mahabalipuram,Ancient temple town known for rock-cut sculptures.,November to March,https://cdn.getyourguide.com/img/tour/d93141802ecaa4358176d3ccf10f0024bd9cd91318997d39b986bbdbd1f7fe4a.jpg/146.jpg,Cultural
Mahakaleshwar Temple,Jyotirlinga temple dedicated to Lord Shiva in Ujjain.,October to March,https://encrypted-tbn0.gstatic.com/images?q=tbn:ANd9GcRyUAvD-Sr3x7PnJWM0jyJpJECZSFzKeWqSwA&s,Religious Place
Majuli Island,WorldÂ’s largest river island with monasteries and traditional culture.,October to March,https://liamtra.com/blog/wp-content/uploads/2022/06/Island-1024x585.jpg,Cultural
Manali,Popular hill station with snow-clad mountains and adventure sports.,October to February,https://imgs.search.brave.com/5RziZ211yxJYCOeCHc-KcCIbXfIHnRWZkD5o7biDHU0/rs:fit:860:0:0:0/g:ce/aHR0cHM6Ly91cGxv/YWQud2lraW1lZGlh/Lm9yZy93aWtpcGVk/aWEvY29tbW9ucy9l/L2UwL1ZpZXdfb2Zf/UmlzaGlrZXNoLmpw/Zw,Mountains
Mandu,Ancient fort city with Afghan architecture and ruins.,October to March,https://upload.wikimedia.org/wikipedia/commons/a/ab/JahazMahal.jpg,Cultural
Matheran,Eco-sensitive hill station known for its pleasant weather.,October to March,https://imgs.search.brave.com/xo3ehY0bGnECh7Ave7qo1THpRqDlYylBG84e-Nod3ug/rs:fit:860:0:0:0/g:ce/aHR0cHM6Ly93d3cu/c2F2YWFyaS5jb20v/YmxvZy93cC1jb250/ZW50L3VwbG9hZHMv/MjAyNC8wMS9NYXRo/ZXJhbi1oaWxsLXZp/ZXctMS53ZWJw,Mountains
Meenakshi Temple,Historic Hindu temple with intricate sculptures and Dravidian design.,October to March,https://www.sahyogmantratours.com/images/blogs/meenakshi-temple-20231009101928-1_crop.jpg,Religious Place
Mysore Palace,Iconic palace known for Dussehra celebrations and royal architecture.,October to March,https://karnatakatourism.org/wp-content/uploads/2020/06/Mysuru-Palace-banner-1920_1100.jpg,Cultural
Nagarhole National Park,"Wildlife sanctuary with tigers, elephants, and lush forests.",October to March,https://karnatakatourism.org/wp-content/uploads/2020/10/Nagarahole.jpg,National Park
Nainital,Hill station famous for Naini Lake and beautiful scenery.,March to June,https://static.toiimg.com/thumb/104218012/Nainital-Uttarakhand.jpg?width=636&height=358&resize=4,Mountains
Orchha,"Historic town with palaces, temples, and cenotaphs.",October to March,"https://images.firstpost.com/wp-content/uploads/2022/06/rsz_orccha.jpg?im=FitAndFill=(1200,675)",Cultural
Panchgani,Hill station known for its Table Land plateau and scenic views.,October to March,https://imgs.search.brave.com/ky3pHkp0YmG05rutB_dpdtIazCDEXtqXTl0RwhP8J8M/rs:fit:860:0:0:0/g:ce/aHR0cHM6Ly9oYmxp/bWcubW10Y2RuLmNv/bS9jb250ZW50L2h1/YmJsZS9pbWcvcGFu/Y2hnYW5pL21tdC9k/ZXN0aW5hdGlvbi9t/X1BhbmNoZ2FuaV9h/Y3Rpdml0eV9tb3Vu/dGFpbnNfbF80MTNf/NjQ5LmpwZw,Mountains
Puri Jagannath Temple,Famous Hindu temple and site of Rath Yatra festival.,October to March,https://im.indiatimes.in/content/2024/Jul/Jagannath-Temple-pinterest_6694ea3d9d588.jpg?w=640&h=800&cc=1&webp=1&q=75,Religious Place
Raigad Fort,Historic fort and former capital of Shivaji Maharaj's empire.,October to March,https://imgs.search.brave.com/dZHE9zxwuLC5skwurHusvWdXDyN8R23_-UE1x7q3pqs/rs:fit:860:0:0:0/g:ce/aHR0cHM6Ly90My5m/dGNkbi5uZXQvanBn/LzAyLzUxLzM3LzQy/LzM2MF9GXzI1MTM3/NDI4Nl94ZUhjTzQw/b09sTGNzR1JlQmUz/Nko3dHhzMDM1a3V2/WC5qcGc,Cultural
Rameshwaram,Island town known for temples and sacred beaches.,October to March,https://www.tamilnadutourism.tn.gov.in/img/pages/medium-desktop/rameswaram-temple-1656167436_f2c551193bb7d4bc6f70.webp,Religious Place
Rann of Kutch,Salt desert with cultural festivals and scenic beauty.,October to March,https://www.rannutsav.com/assets/front/img/dholavira-banner-new.jpg,Desert
Ranthambore National Park,Famous tiger reserve with historical forts.,October to March,https://www.ranthamborenationalpark.com/wp-content/uploads/2020/05/package-features.jpg,National Park
Rishikesh,Spiritual city known for yoga and river rafting.,October to March,https://imgs.search.brave.com/5RziZ211yxJYCOeCHc-KcCIbXfIHnRWZkD5o7biDHU0/rs:fit:860:0:0:0/g:ce/aHR0cHM6Ly91cGxv/YWQud2lraW1lZGlh/Lm9yZy93aWtpcGVk/aWEvY29tbW9ucy9l/L2UwL1ZpZXdfb2Zf/UmlzaGlrZXNoLmpw/Zw,Religious Place
Sanchi Stupa,Ancient Buddhist complex with stupas and monasteries.,October to March,https://imgcld.yatra.com/holiday-india/image/upload/t_yt_blog_c_fill_q_auto:good_f_auto_w_800_h_500/v1441881605/blog/The_Sanchi_Stupas.jpg,Cultural
Sanjay Gandhi National Park,Large urban park with natural trails and wildlife.,October to March,https://imgs.search.brave.com/UM9y0i9y01kXUeBMzhBQ9rZ4ASTPKrCthEdgR4XJzRM/rs:fit:860:0:0:0/g:ce/aHR0cHM6Ly91cGxv/YWQud2lraW1lZGlh/Lm9yZy93aWtpcGVk/aWEvY29tbW9ucy8z/LzMwL0VudHJhbmNl/X29mX1NhbmpheV9H/YW5kaGlfTmF0aW9u/YWxfUGFyay5KUEc,National Park
Satpura National Park,Scenic national park with unique flora and fauna.,October to March,https://www.tigersafariindia.com/wp-content/uploads/2021/10/Tiger-Safari-in-Satpura.jpg,National Park
Shimla,Popular hill station with colonial architecture and snowfall.,October to February,https://bhaktaniwas.com/Upload/CityPicture/10055/2023-12/Shimla_20231204083739998_wT.webp,Mountains
Shirdi Sai Baba Temple,Religious site dedicated to Sai Baba in Shirdi.,October to March,https://imgs.search.brave.com/2iwvBm5pmLU-LZ2iM9m-IifKtiAzSPoTv1O8SkGJURM/rs:fit:860:0:0:0/g:ce/aHR0cHM6Ly90My5m/dGNkbi5uZXQvanBn/LzA3LzI1LzIxLzQy/LzM2MF9GXzcyNTIx/NDIwMF9IdnliVE9m/ZHdDUWdCUEt4Q05R/a3lwUmFoeEt0bnJF/ai5qcGc,Religious Place
Sindhudurg Fort,Historic sea fort built by Shivaji Maharaj.,October to March,https://imgs.search.brave.com/E9W5sFuvzhsONnJF3H6S8db4dFVIH54bS_ZckOPWI98/rs:fit:860:0:0:0/g:ce/aHR0cHM6Ly9oYmxp/bWcubW10Y2RuLmNv/bS9jb250ZW50L2h1/YmJsZS9pbWcvTWFs/dmFuL21tdC9hY3Rp/dml0aWVzL21fU2lu/ZGh1ZHVyZyUyMEZv/cnQtMV9sXzM4OF81/ODIuanBn,Cultural
Somnath Temple,Sacred Hindu temple and Jyotirlinga dedicated to Lord Shiva.,October to March,https://somnath.org/static/img/post.jpg,Religious Place
Spiti Valley,High-altitude valley known for monasteries and surreal landscapes.,May to October,https://kplexpeditions.com/wp-content/uploads/2023/09/spiti-lead-image-1366x768-1.jpg.webp,Mountains
Sunderbans,Largest mangrove forest with Royal Bengal tigers.,November to March,https://imgs.search.brave.com/3Dwqb-EJHeFDVhvj_5V2NEcTviN2xubiwSVNdoSEBXE/rs:fit:860:0:0:0/g:ce/aHR0cHM6Ly91cGxv/YWQud2lraW1lZGlh/Lm9yZy93aWtpcGVk/aWEvY29tbW9ucy82/LzZiL1NhdmVfdGhl/X3N1bmRhcmJhbnNf/MjAuanBn,National Park
Tadoba National Park,Tiger reserve with rich biodiversity in Chandrapur.,October to March,https://imgs.search.brave.com/O5uWtuCiDkFxdRpirThxphJJftTQi56Ss3eZQwide0w/rs:fit:860:0:0:0/g:ce/aHR0cHM6Ly9hc3Nl/dHMzLnRocmlsbGlz/dC5jb20vdjEvaW1h/Z2UvMzEzNzc1NS83/OTJ4NTI4L3NjYWxl/O3dlYnA9YXV0bztq/cGVnX3F1YWxpdHk9/NjAuanBn,National Park
Tawang Monastery,"Largest monastery in India, located in Arunachal Pradesh.",October to March,https://s7ap1.scene7.com/is/image/incredibleindia/1-tawang-monastery-tawang-arunachal-pradesh-state-hero?qlt=82&ts=1726743193609,Religious Place
Trimbakeshwar Temple,Sacred Jyotirlinga temple dedicated to Lord Shiva.,October to March,https://imgs.search.brave.com/RiBhJUEYzbibvGrqxYVv9vx0xFdiFnKX4o96mJasV9Y/rs:fit:860:0:0:0/g:ce/aHR0cHM6Ly93d3cu/dGVtcGxlZGFyc2hh/bnlhdHJpLmNvbS91/cGxvYWQvbWFuZGly/L3RyaW1iYWtlc2h3/YXIuanBn,Religious Place
Udaipur Lake Palace,A luxurious palace on Lake Pichola in Udaipur.,October to March,https://encrypted-tbn0.gstatic.com/images?q=tbn:ANd9GcS18eTgtA1WALCD0PEjdEN9e1jD9anFld9gZg&s,Cultural
Valley of Flowers,National park known for vibrant flowers and scenic views.,July to October,https://imgs.search.brave.com/CeIqOc100zsYBtnw1g1_KCqjSOHT5eESXPafpwK4e94/rs:fit:860:0:0:0/g:ce/aHR0cHM6Ly90LmV1/Y2RuLmluL3RvdXJp/c20vbGcvdmFsbGV5/LW9mLWZsb3dlcnMt/NDg5MzU2LndlYnA,National Park
Velas Beach,Beach known for turtle conservation efforts.,October to March,https://imgs.search.brave.com/zdhE1tE-9635Rrsw4XEHiyV6IxdIYugX2Foahfj4_Zw/rs:fit:860:0:0:0/g:ce/aHR0cHM6Ly93d3cu/dG91cm15aW5kaWEu/Y29tL2ltYWdlcy92/ZWxuZXNod2FyLWJl/YWNoLmpwZw,Beach
Lonavala,Lonavala is famous for amazing natural views.,June to February,https://up.yimg.com/ib/th?asid=432345564675613208&id=OAUMA.C90D29326EE3B1C4F0137A5F62F7CFE8_1A1E2B0305D9432E&pid=21.1&o=5&w=442&h=231&c=1&rs=1&qlt=95,Hills & Nature
